order_id,order_date,customer_id,product_name,region,sales_amount
1000,2024-02-23,C111,Tablet,West,67914
1001,2024-05-07,C101,Headphones,West,37920
1002,2024-03-11,C135,Monitor,East,517
1003,2024-04-23,C117,Laptop,East,18191
1004,2024-06-17,C108,Keyboard,South,62137
1005,2024-03-02,C124,Monitor,North,75879
1006,2024-01-14,C133,Headphones,North,79238
1007,2024-02-19,C120,Laptop,East,22311
1008,2024-02-08,C134,Laptop,South,3310
1009,2024-03-25,C106,Keyboard,North,20739
1010,2024-04-18,C105,Monitor,South,69530
1011,2024-05-08,C123,Mouse,West,5659
1012,2024-01-09,C114,Headphones,East,23528
1013,2024-01-27,C101,Monitor,West,43756
1014,2024-01-09,C145,Keyboard,West,7982
1015,2024-05-23,C103,Laptop,North,10160
1016,2024-06-07,C105,Tablet,East,76353
1017,2024-05-01,C129,Tablet,North,16096
1018,2024-04-07,C114,Tablet,North,5792
1019,2024-06-05,C127,Mouse,East,46676
1020,2024-02-11,C124,Headphones,West,31971
1021,2024-03-26,C108,Mouse,East,6630
1022,2024-02-13,C129,Mouse,North,40351
1023,2024-02-14,C124,Keyboard,East,59207
1024,2024-01-21,C102,Monitor,North,64862
1025,2024-06-14,C127,Mouse,West,46961
1026,2024-05-09,C110,Mouse,South,27761
1027,2024-04-20,C109,Headphones,South,13896
1028,2024-03-14,C136,Keyboard,North,4360
1029,2024-02-28,C135,Laptop,West,2209
1030,2024-06-27,C100,Mouse,West,10138
1031,2024-02-13,C102,Keyboard,West,31269
1032,2024-06-18,C113,Keyboard,East,79672
1033,2024-04-26,C106,Keyboard,South,70811
1034,2024-06-16,C111,Tablet,West,60786
1035,2024-01-31,C142,Laptop,North,4074
1036,2024-03-04,C133,Keyboard,South,22654
1037,2024-02-02,C102,Mouse,North,1391
1038,2024-01-03,C131,Monitor,South,66100
1039,2024-01-02,C112,Mouse,South,79969
1040,2024-03-16,C101,Laptop,South,16093
1041,2024-01-21,C115,Monitor,South,32795
1042,2024-05-06,C101,Tablet,North,17104
1043,2024-02-04,C149,Monitor,East,59191
1044,2024-06-21,C134,Keyboard,North,78457
1045,2024-04-30,C122,Tablet,North,57557
1046,2024-02-28,C105,Keyboard,South,21363
1047,2024-03-26,C149,Keyboard,East,39585
1048,2024-01-19,C118,Tablet,South,53235
1049,2024-05-18,C115,Keyboard,North,2255
1050,2024-05-15,C121,Tablet,West,62078
1051,2024-03-29,C144,Keyboard,East,45509
1052,2024-04-27,C124,Tablet,North,30454
1053,2024-05-02,C125,Keyboard,East,11653
1054,2024-06-21,C118,Laptop,West,59431
1055,2024-04-16,C111,Headphones,South,2484
1056,2024-04-16,C117,Monitor,North,40707
1057,2024-06-25,C111,Keyboard,West,3041
1058,2024-02-15,C111,Tablet,West,46611
1059,2024-02-27,C145,Keyboard,North,71390
1060,2024-05-18,C112,Keyboard,North,1130
1061,2024-06-07,C116,Tablet,West,56647
1062,2024-04-18,C148,Monitor,South,77915
1063,2024-05-31,C142,Tablet,North,63445
1064,2024-04-11,C127,Headphones,East,30560
1065,2024-05-25,C149,Tablet,East,66763
1066,2024-01-14,C131,Tablet,East,64790
1067,2024-05-02,C139,Keyboard,North,74961
1068,2024-01-04,C148,Tablet,East,23892
1069,2024-02-07,C104,Mouse,South,3381
1070,2024-05-16,C106,Monitor,East,47653
1071,2024-04-02,C133,Tablet,South,37519
1072,2024-04-06,C109,Tablet,West,75593
1073,2024-01-21,C126,Tablet,South,15540
1074,2024-01-17,C137,Keyboard,East,6100
1075,2024-06-09,C131,Monitor,South,19494
1076,2024-03-14,C144,Keyboard,East,35145
1077,2024-05-17,C149,Laptop,North,19064
1078,2024-02-04,C100,Laptop,West,59829
1079,2024-04-16,C115,Headphones,West,21838
1080,2024-06-10,C118,Mouse,West,78314
1081,2024-04-08,C135,Monitor,East,4313
1082,2024-01-05,C113,Tablet,North,18067
1083,2024-03-11,C135,Keyboard,West,77400
1084,2024-02-29,C134,Monitor,North,72319
1085,2024-06-14,C104,Laptop,North,8164
1086,2024-03-13,C107,Keyboard,East,14600
1087,2024-05-28,C139,Headphones,South,13996
1088,2024-03-06,C106,Keyboard,East,57916
1089,2024-04-23,C116,Mouse,South,62903
1090,2024-05-12,C108,Monitor,South,50326
1091,2024-02-16,C132,Tablet,West,16103
1092,2024-04-24,C102,Keyboard,North,4358
1093,2024-05-19,C120,Tablet,North,55211
1094,2024-05-13,C127,Headphones,North,34388
1095,2024-03-03,C143,Monitor,East,51374
1096,2024-01-04,C140,Headphones,West,3622
1097,2024-01-15,C111,Keyboard,West,18636
1098,2024-02-17,C104,Monitor,West,61859
1099,2024-05-22,C128,Mouse,South,60301
1100,2024-06-13,C146,Tablet,South,57451
1101,2024-06-21,C121,Keyboard,North,70686
1102,2024-05-01,C118,Headphones,East,27541
1103,2024-03-30,C100,Keyboard,East,58599
1104,2024-04-17,C145,Tablet,North,604
1105,2024-04-24,C125,Keyboard,East,54730
1106,2024-02-03,C137,Monitor,West,17719
1107,2024-04-13,C147,Keyboard,West,41245
1108,2024-05-08,C148,Monitor,West,27656
1109,2024-06-01,C103,Mouse,East,36722
1110,2024-05-11,C141,Keyboard,North,36840
1111,2024-05-20,C143,Keyboard,East,36508
1112,2024-02-16,C135,Headphones,West,15755
1113,2024-05-20,C109,Mouse,North,68190
1114,2024-06-28,C148,Mouse,North,24076
1115,2024-04-18,C114,Mouse,East,72906
1116,2024-03-03,C113,Laptop,South,41382
1117,2024-02-21,C106,Mouse,North,79771
1118,2024-06-27,C113,Headphones,West,25165
1119,2024-02-27,C137,Tablet,West,31806
1120,2024-01-27,C147,Laptop,East,58057
1121,2024-05-21,C107,Mouse,South,57495
1122,2024-03-18,C110,Keyboard,South,51062
1123,2024-01-10,C127,Tablet,North,38946
1124,2024-02-06,C129,Tablet,South,31449
1125,2024-03-30,C111,Headphones,East,56694
1126,2024-06-24,C138,Mouse,East,22939
1127,2024-03-07,C146,Laptop,South,2170
1128,2024-02-28,C122,Keyboard,West,73694
1129,2024-04-09,C110,Headphones,East,18878
1130,2024-02-08,C143,Mouse,South,50433
1131,2024-03-13,C137,Monitor,South,27108
1132,2024-05-21,C131,Mouse,North,14607
1133,2024-04-18,C147,Monitor,West,2526
1134,2024-01-23,C116,Mouse,West,19517
1135,2024-03-21,C106,Laptop,South,72560
1136,2024-03-02,C121,Laptop,East,57888
1137,2024-05-06,C105,Laptop,North,51089
1138,2024-02-27,C108,Keyboard,South,11488
1139,2024-02-24,C105,Headphones,West,47740
1140,2024-01-15,C115,Headphones,East,4132
1141,2024-06-23,C136,Monitor,East,6685
1142,2024-01-18,C129,Mouse,East,72093
1143,2024-04-20,C136,Monitor,West,47066
1144,2024-03-16,C118,Monitor,East,72396
1145,2024-02-23,C138,Headphones,East,78285
1146,2024-04-28,C149,Keyboard,South,79862
1147,2024-05-06,C113,Keyboard,West,69816
1148,2024-04-28,C140,Tablet,East,70223
1149,2024-01-23,C142,Keyboard,West,773
1150,2024-03-16,C101,Mouse,West,50980
1151,2024-01-02,C104,Tablet,West,44723
1152,2024-04-09,C147,Mouse,North,79011
1153,2024-01-19,C121,Monitor,North,988
1154,2024-06-10,C100,Monitor,East,42659
1155,2024-03-18,C105,Laptop,East,52684
1156,2024-03-15,C103,Laptop,South,41519
1157,2024-06-06,C146,Tablet,North,34614
1158,2024-04-12,C145,Laptop,North,27718
1159,2024-01-14,C145,Laptop,East,45453
1160,2024-02-10,C132,Tablet,North,70003
1161,2024-03-02,C124,Monitor,North,34428
1162,2024-01-31,C113,Mouse,East,18008
1163,2024-06-06,C132,Mouse,South,57665
1164,2024-06-27,C146,Mouse,North,26510
1165,2024-04-02,C127,Laptop,East,31989
1166,2024-06-03,C121,Monitor,North,32709
1167,2024-06-13,C121,Laptop,East,4504
1168,2024-04-01,C100,Laptop,South,57040
1169,2024-02-10,C141,Monitor,East,41533
1170,2024-01-11,C111,Tablet,West,28974
1171,2024-02-21,C105,Headphones,North,78208
1172,2024-01-23,C100,Keyboard,South,67476
1173,2024-01-15,C121,Laptop,North,8976
1174,2024-04-13,C110,Keyboard,East,6684
1175,2024-02-02,C147,Monitor,North,35393
1176,2024-02-21,C111,Mouse,North,23485
1177,2024-03-26,C126,Monitor,West,47869
1178,2024-04-27,C128,Laptop,North,21823
1179,2024-05-01,C129,Keyboard,West,54732
1180,2024-05-04,C105,Mouse,North,68714
1181,2024-05-27,C128,Monitor,South,65098
1182,2024-01-13,C102,Keyboard,North,21106
1183,2024-03-29,C116,Tablet,South,1698
1184,2024-01-07,C122,Monitor,West,678
1185,2024-06-25,C128,Tablet,West,37371
1186,2024-06-07,C126,Mouse,North,65699
1187,2024-05-31,C143,Tablet,South,19669
1188,2024-03-27,C119,Laptop,West,14199
1189,2024-05-15,C147,Monitor,North,40006
1190,2024-03-13,C137,Monitor,West,59562
1191,2024-06-11,C124,Tablet,East,30218
1192,2024-03-27,C149,Monitor,North,27987
1193,2024-01-18,C135,Monitor,South,54421
1194,2024-05-13,C130,Tablet,East,11903
1195,2024-03-06,C144,Tablet,West,30959
1196,2024-04-13,C138,Monitor,South,9730
1197,2024-06-16,C148,Mouse,West,76355
1198,2024-03-01,C142,Headphones,South,16417
1199,2024-03-21,C133,Headphones,North,69913
1200,2024-06-24,C100,Mouse,South,77025
1201,2024-03-06,C100,Laptop,South,36559
1202,2024-01-07,C104,Headphones,West,54227
1203,2024-03-08,C149,Tablet,North,26824
1204,2024-01-08,C143,Mouse,North,15555
1205,2024-06-19,C138,Mouse,East,64273
1206,2024-03-04,C125,Mouse,East,75850
1207,2024-04-28,C101,Mouse,West,75418
1208,2024-06-14,C113,Monitor,East,58589
1209,2024-04-27,C145,Tablet,South,54691
1210,2024-04-21,C147,Mouse,West,23748
1211,2024-01-13,C116,Tablet,North,65828
1212,2024-03-29,C103,Keyboard,North,63607
1213,2024-03-28,C139,Headphones,East,9200
1214,2024-01-01,C129,Tablet,South,25045
1215,2024-02-10,C110,Mouse,North,28792
1216,2024-04-09,C124,Tablet,North,79413
1217,2024-05-30,C107,Laptop,West,20343
1218,2024-06-22,C131,Mouse,East,13927
1219,2024-04-09,C141,Mouse,East,58829
1220,2024-05-09,C142,Tablet,West,48743
1221,2024-05-13,C112,Keyboard,North,75787
1222,2024-02-25,C138,Laptop,North,53249
1223,2024-06-01,C140,Monitor,South,29463
1224,2024-05-01,C147,Laptop,West,75796
1225,2024-04-06,C139,Headphones,North,22065
1226,2024-04-24,C125,Tablet,South,53538
1227,2024-05-25,C132,Headphones,South,49259
1228,2024-05-29,C149,Headphones,East,22705
1229,2024-06-08,C136,Laptop,South,26736
1230,2024-05-09,C121,Keyboard,West,42271
1231,2024-05-20,C105,Monitor,South,70107
1232,2024-01-24,C123,Tablet,West,61737
1233,2024-01-17,C124,Headphones,South,21612
1234,2024-04-17,C137,Laptop,East,31652
1235,2024-05-15,C143,Keyboard,West,62599
1236,2024-05-31,C125,Tablet,North,8147
1237,2024-05-19,C115,Mouse,West,44010
1238,2024-04-25,C115,Mouse,South,28415
1239,2024-04-09,C139,Tablet,East,18762
1240,2024-04-17,C104,Laptop,North,46084
1241,2024-06-08,C115,Laptop,West,21344
1242,2024-03-07,C121,Mouse,West,44572
1243,2024-06-17,C142,Headphones,North,22786
1244,2024-01-13,C111,Tablet,North,25059
1245,2024-06-26,C115,Mouse,South,4472
1246,2024-04-11,C133,Headphones,South,21584
1247,2024-01-31,C118,Mouse,West,79508
1248,2024-03-19,C125,Mouse,West,22423
1249,2024-03-17,C117,Tablet,North,44010
1250,2024-03-02,C136,Headphones,North,59414
1251,2024-01-26,C101,Tablet,South,24077
1252,2024-01-18,C136,Laptop,South,35658
1253,2024-04-14,C136,Headphones,East,33441
1254,2024-02-11,C125,Tablet,West,7412
1255,2024-03-31,C131,Monitor,South,12097
1256,2024-02-21,C132,Monitor,South,65624
1257,2024-06-23,C145,Laptop,South,3053
1258,2024-04-15,C121,Keyboard,East,66258
1259,2024-05-23,C130,Keyboard,East,60748
1260,2024-01-04,C132,Tablet,North,20659
1261,2024-05-07,C142,Keyboard,East,77096
1262,2024-03-02,C146,Mouse,East,19640
1263,2024-02-17,C131,Keyboard,East,55020
1264,2024-01-19,C124,Keyboard,East,56058
1265,2024-06-22,C118,Tablet,East,62839
1266,2024-04-27,C148,Monitor,North,37006
1267,2024-05-24,C127,Mouse,West,3962
1268,2024-05-19,C126,Mouse,North,60003
1269,2024-03-22,C120,Tablet,East,48650
1270,2024-06-12,C108,Headphones,South,46631
1271,2024-01-03,C129,Tablet,West,45866
1272,2024-04-03,C145,Monitor,North,4304
1273,2024-06-01,C147,Keyboard,West,65354
1274,2024-03-07,C140,Laptop,East,52528
1275,2024-03-11,C111,Monitor,North,6394
1276,2024-02-06,C148,Monitor,East,72780
1277,2024-01-22,C129,Keyboard,East,67099
1278,2024-04-05,C119,Headphones,West,48518
1279,2024-01-05,C114,Laptop,West,68951
1280,2024-04-10,C107,Keyboard,South,64659
1281,2024-06-09,C133,Laptop,West,77901
1282,2024-03-01,C144,Mouse,South,20768
1283,2024-04-18,C138,Mouse,East,17132
1284,2024-03-28,C120,Monitor,South,69891
1285,2024-04-21,C109,Headphones,North,69442
1286,2024-04-19,C112,Headphones,East,27831
1287,2024-01-24,C109,Monitor,South,33839
1288,2024-02-29,C132,Keyboard,North,28225
1289,2024-03-19,C145,Mouse,South,77637
1290,2024-03-15,C118,Mouse,East,6635
1291,2024-02-20,C125,Mouse,West,18552
1292,2024-04-28,C119,Headphones,South,35700
1293,2024-05-07,C121,Mouse,South,6496
1294,2024-05-11,C105,Tablet,East,25261
1295,2024-03-22,C139,Laptop,East,70216
1296,2024-05-18,C109,Tablet,East,48450
1297,2024-04-11,C108,Monitor,North,59845
1298,2024-05-10,C112,Mouse,South,11838
1299,2024-05-27,C116,Monitor,West,66273
1300,2024-06-06,C128,Laptop,East,45083
1301,2024-05-26,C100,Tablet,East,60278
1302,2024-04-11,C103,Laptop,East,9432
1303,2024-02-23,C139,Keyboard,North,51877
1304,2024-03-02,C140,Keyboard,East,26365
1305,2024-03-01,C146,Headphones,South,57690
1306,2024-06-04,C117,Mouse,West,9859
1307,2024-03-14,C104,Monitor,West,11399
1308,2024-05-31,C120,Tablet,West,2968
1309,2024-02-16,C143,Tablet,North,31100
1310,2024-01-25,C140,Laptop,South,8387
1311,2024-03-25,C122,Monitor,West,28910
1312,2024-01-18,C135,Laptop,South,64366
1313,2024-02-25,C129,Laptop,South,4054
1314,2024-04-29,C143,Keyboard,East,61648
1315,2024-06-16,C124,Mouse,South,22388
1316,2024-03-07,C115,Keyboard,West,73417
1317,2024-03-08,C125,Keyboard,West,69579
1318,2024-04-17,C141,Laptop,East,68724
1319,2024-01-22,C124,Laptop,South,36875
1320,2024-05-06,C101,Monitor,East,37658
1321,2024-03-18,C102,Tablet,East,14187
1322,2024-02-06,C100,Laptop,East,6074
1323,2024-06-19,C120,Keyboard,North,33620
1324,2024-06-29,C101,Monitor,North,33829
1325,2024-05-03,C149,Mouse,North,17700
1326,2024-03-19,C110,Monitor,North,62350
1327,2024-02-02,C111,Mouse,West,17143
1328,2024-06-27,C113,Tablet,West,48115
1329,2024-02-02,C121,Keyboard,West,4218
1330,2024-05-27,C109,Mouse,East,76664
1331,2024-04-03,C148,Keyboard,East,63892
1332,2024-06-23,C124,Monitor,East,14817
1333,2024-03-10,C108,Laptop,West,70559
1334,2024-05-09,C137,Laptop,North,30139
1335,2024-04-05,C121,Mouse,South,55911
1336,2024-04-17,C105,Headphones,South,6880
1337,2024-04-22,C148,Keyboard,South,52931
1338,2024-02-15,C130,Laptop,West,46464
1339,2024-06-01,C117,Tablet,West,65002
1340,2024-03-22,C144,Monitor,East,53294
1341,2024-03-12,C139,Headphones,South,9471
1342,2024-04-22,C117,Laptop,South,15034
1343,2024-04-08,C129,Laptop,West,26270
1344,2024-06-21,C105,Keyboard,South,60178
1345,2024-04-09,C132,Monitor,North,60924
1346,2024-06-07,C139,Keyboard,West,74791
1347,2024-03-22,C148,Monitor,East,44687
1348,2024-04-13,C149,Tablet,East,28470
1349,2024-05-31,C105,Headphones,South,38604
1350,2024-02-21,C149,Tablet,West,54852
1351,2024-01-12,C136,Mouse,South,36569
1352,2024-02-21,C119,Mouse,West,69425
1353,2024-01-15,C149,Monitor,West,22824
1354,2024-06-05,C115,Mouse,West,28882
1355,2024-01-21,C102,Laptop,East,14874
1356,2024-05-22,C113,Laptop,South,11546
1357,2024-05-13,C105,Headphones,North,35948
1358,2024-04-02,C109,Tablet,North,32354
1359,2024-06-07,C114,Headphones,West,1375
1360,2024-06-18,C128,Laptop,West,56841
1361,2024-05-29,C126,Monitor,South,15207
1362,2024-04-14,C136,Tablet,South,72831
1363,2024-05-11,C119,Mouse,North,49607
1364,2024-06-09,C136,Tablet,West,50845
1365,2024-03-25,C127,Mouse,East,50414
1366,2024-01-29,C130,Keyboard,South,11654
1367,2024-06-17,C124,Monitor,West,22326
1368,2024-03-18,C110,Headphones,East,62776
1369,2024-05-24,C102,Tablet,West,1025
1370,2024-05-24,C107,Keyboard,North,5597
1371,2024-04-09,C141,Laptop,North,61775
1372,2024-01-29,C107,Monitor,East,20158
1373,2024-06-10,C131,Headphones,North,44406
1374,2024-04-07,C131,Headphones,East,71184
1375,2024-06-12,C138,Laptop,North,22838
1376,2024-02-26,C105,Headphones,East,26638
1377,2024-01-22,C111,Monitor,North,2971
1378,2024-06-12,C132,Tablet,West,40875
1379,2024-02-14,C136,Laptop,North,71761
1380,2024-03-16,C100,Tablet,North,4130
1381,2024-06-27,C103,Headphones,West,79307
1382,2024-03-01,C115,Laptop,North,62903
1383,2024-01-28,C105,Monitor,East,63521
1384,2024-05-12,C128,Monitor,East,1699
1385,2024-04-05,C147,Mouse,East,41388
1386,2024-03-26,C133,Keyboard,North,27063
1387,2024-03-27,C120,Keyboard,South,72985
1388,2024-04-09,C139,Headphones,West,72392
1389,2024-04-10,C122,Headphones,East,26814
1390,2024-02-19,C115,Mouse,South,6144
1391,2024-01-21,C123,Monitor,East,12067
1392,2024-04-16,C130,Monitor,North,27720
1393,2024-04-07,C101,Laptop,North,23799
1394,2024-05-27,C145,Headphones,West,5050
1395,2024-02-17,C124,Tablet,West,42553
1396,2024-04-17,C104,Keyboard,North,43419
1397,2024-01-01,C145,Tablet,South,68723
1398,2024-02-26,C109,Headphones,North,16672
1399,2024-02-21,C106,Monitor,West,19561
1400,2024-02-26,C139,Tablet,South,5403
1401,2024-05-29,C101,Headphones,North,63661
1402,2024-04-09,C119,Laptop,South,53001
1403,2024-02-09,C121,Mouse,West,75458
1404,2024-06-21,C135,Keyboard,East,41658
1405,2024-02-15,C148,Headphones,West,42488
1406,2024-02-18,C147,Keyboard,North,49188
1407,2024-06-28,C110,Laptop,West,5826
1408,2024-01-08,C106,Headphones,South,35974
1409,2024-04-21,C122,Tablet,East,63919
1410,2024-05-29,C110,Tablet,West,24399
1411,2024-02-28,C144,Headphones,South,46337
1412,2024-04-17,C144,Headphones,West,35890
1413,2024-03-22,C133,Keyboard,West,32384
1414,2024-04-19,C139,Headphones,South,60922
1415,2024-06-19,C131,Tablet,East,32415
1416,2024-02-11,C119,Mouse,North,51176
1417,2024-04-11,C133,Laptop,North,79077
1418,2024-04-20,C137,Mouse,West,72085
1419,2024-01-18,C111,Tablet,South,59657
1420,2024-03-08,C148,Tablet,South,55726
1421,2024-04-14,C127,Mouse,South,54235
1422,2024-01-07,C143,Tablet,South,21113
1423,2024-03-19,C123,Headphones,East,34174
1424,2024-04-19,C133,Monitor,East,8087
1425,2024-02-26,C107,Monitor,East,31876
1426,2024-06-24,C117,Monitor,East,36869
1427,2024-05-02,C116,Headphones,East,8895
1428,2024-01-13,C148,Headphones,North,54413
1429,2024-06-01,C140,Mouse,North,26849
1430,2024-05-15,C140,Tablet,South,53488
1431,2024-06-08,C149,Headphones,West,13053
1432,2024-02-15,C116,Mouse,East,67707
1433,2024-01-20,C133,Laptop,West,27361
1434,2024-01-02,C106,Laptop,East,9662
1435,2024-02-03,C112,Monitor,North,792
1436,2024-03-22,C113,Headphones,West,35078
1437,2024-05-05,C132,Monitor,North,5879
1438,2024-03-06,C125,Tablet,North,36783
1439,2024-01-17,C140,Keyboard,North,46450
1440,2024-03-26,C147,Headphones,South,43596
1441,2024-03-12,C135,Headphones,North,1088
1442,2024-02-08,C134,Laptop,South,70647
1443,2024-05-25,C106,Mouse,East,22398
1444,2024-04-19,C121,Keyboard,South,7917
1445,2024-05-10,C111,Tablet,East,64423
1446,2024-04-27,C135,Monitor,East,79910
1447,2024-01-11,C126,Headphones,South,39055
1448,2024-01-22,C103,Mouse,South,58617
1449,2024-06-18,C119,Tablet,South,51041
1450,2024-03-24,C142,Monitor,West,2229
1451,2024-03-31,C103,Headphones,South,64889
1452,2024-01-19,C116,Monitor,East,39886
1453,2024-01-02,C116,Tablet,West,57896
1454,2024-03-11,C119,Tablet,West,25513
1455,2024-01-03,C105,Tablet,South,3346
1456,2024-01-19,C139,Tablet,South,19172
1457,2024-04-22,C130,Monitor,West,34750
1458,2024-01-08,C134,Monitor,South,12910
1459,2024-05-22,C102,Keyboard,East,43126
1460,2024-03-13,C142,Tablet,West,36096
1461,2024-05-10,C101,Mouse,South,32897
1462,2024-02-27,C109,Tablet,West,5785
1463,2024-01-06,C144,Monitor,East,34102
1464,2024-01-17,C140,Keyboard,East,13628
1465,2024-05-16,C136,Headphones,South,7938
1466,2024-06-15,C103,Keyboard,North,19742
1467,2024-02-27,C137,Monitor,South,3308
1468,2024-04-12,C140,Keyboard,North,37508
1469,2024-04-11,C147,Laptop,South,35315
1470,2024-04-20,C126,Tablet,West,48339
1471,2024-06-17,C121,Keyboard,South,68587
1472,2024-05-23,C109,Headphones,West,54977
1473,2024-05-28,C110,Laptop,North,11432
1474,2024-01-16,C114,Tablet,West,50283
1475,2024-06-01,C144,Monitor,West,35084
1476,2024-04-18,C126,Tablet,North,18100
1477,2024-02-16,C142,Keyboard,East,71516
1478,2024-06-17,C106,Keyboard,East,67391
1479,2024-03-29,C121,Keyboard,North,50237
1480,2024-01-06,C120,Laptop,West,72532
1481,2024-03-21,C118,Laptop,West,71476
1482,2024-05-27,C101,Monitor,East,32717
1483,2024-04-23,C124,Mouse,East,21285
1484,2024-02-26,C130,Headphones,South,2209
1485,2024-02-09,C123,Keyboard,North,2938
1486,2024-01-20,C145,Mouse,North,10518
1487,2024-02-15,C118,Keyboard,East,64587
1488,2024-04-19,C142,Laptop,West,7563
1489,2024-01-19,C135,Mouse,North,38845
1490,2024-03-13,C127,Laptop,West,65222
1491,2024-05-12,C103,Tablet,South,74306
1492,2024-05-17,C104,Keyboard,West,78413
1493,2024-06-11,C113,Tablet,North,53735
1494,2024-02-01,C138,Mouse,North,50821
1495,2024-03-19,C105,Laptop,West,21677
1496,2024-03-08,C121,Headphones,West,7835
1497,2024-03-12,C122,Tablet,East,77335
1498,2024-02-18,C113,Keyboard,South,14989
1499,2024-02-07,C129,Laptop,North,63318
1500,2024-02-14,C130,Headphones,West,23246
1501,2024-03-23,C111,Headphones,East,44839
1502,2024-03-12,C105,Laptop,West,20001
1503,2024-04-25,C127,Laptop,East,70829
1504,2024-02-13,C145,Laptop,South,62399
1505,2024-04-08,C140,Laptop,North,79381
1506,2024-05-21,C139,Mouse,South,46310
1507,2024-02-29,C125,Mouse,North,13763
1508,2024-06-17,C112,Mouse,East,58353
1509,2024-04-06,C121,Monitor,West,51638
1510,2024-06-15,C112,Monitor,North,33070
1511,2024-04-22,C136,Tablet,East,76203
1512,2024-01-08,C143,Mouse,North,16439
1513,2024-02-16,C130,Monitor,West,4489
1514,2024-03-28,C107,Tablet,North,65481
1515,2024-04-07,C103,Tablet,South,41109
1516,2024-01-03,C138,Mouse,West,46556
1517,2024-06-03,C116,Laptop,East,12444
1518,2024-02-16,C116,Laptop,North,71859
1519,2024-04-05,C121,Monitor,South,63975
1520,2024-02-14,C112,Monitor,East,4151
1521,2024-01-15,C119,Tablet,North,31836
1522,2024-02-02,C106,Monitor,North,28036
1523,2024-04-14,C129,Laptop,East,9571
1524,2024-01-15,C113,Laptop,East,24275
1525,2024-05-15,C148,Mouse,South,37122
1526,2024-01-06,C143,Laptop,East,4264
1527,2024-04-09,C132,Laptop,East,13285
1528,2024-02-18,C145,Mouse,South,56272
1529,2024-01-31,C102,Laptop,East,7369
1530,2024-02-09,C136,Headphones,West,27496
1531,2024-04-05,C103,Keyboard,North,39953
1532,2024-05-16,C111,Laptop,East,41759
1533,2024-05-24,C138,Tablet,East,14113
1534,2024-04-28,C147,Tablet,South,72060
1535,2024-06-07,C137,Tablet,East,30947
1536,2024-06-07,C142,Mouse,East,16487
1537,2024-06-28,C108,Monitor,South,52488
1538,2024-04-25,C115,Tablet,East,18606
1539,2024-01-25,C149,Monitor,South,44475
1540,2024-01-29,C136,Keyboard,West,6608
1541,2024-03-12,C109,Laptop,North,66378
1542,2024-01-07,C140,Headphones,West,46966
1543,2024-04-15,C122,Mouse,North,23884
1544,2024-01-28,C121,Headphones,South,22769
1545,2024-06-29,C114,Mouse,East,689
1546,2024-01-30,C104,Monitor,North,59256
1547,2024-05-19,C111,Laptop,East,10777
1548,2024-02-07,C111,Headphones,North,25157
1549,2024-01-20,C131,Laptop,West,39849
1550,2024-06-10,C129,Keyboard,South,27453
1551,2024-02-02,C126,Tablet,South,27437
1552,2024-04-27,C110,Mouse,South,38144
1553,2024-03-30,C138,Tablet,South,27964
1554,2024-04-14,C130,Monitor,East,10614
1555,2024-02-17,C134,Tablet,East,75360
1556,2024-05-10,C100,Tablet,North,66499
1557,2024-05-17,C132,Mouse,South,19987
1558,2024-03-24,C134,Mouse,West,8091
1559,2024-02-15,C136,Tablet,North,40979
1560,2024-06-13,C123,Tablet,East,34411
1561,2024-03-09,C111,Keyboard,East,2582
1562,2024-04-15,C134,Mouse,North,59496
1563,2024-04-27,C141,Keyboard,North,57766
1564,2024-05-26,C112,Keyboard,West,4587
1565,2024-02-07,C119,Headphones,South,6548
1566,2024-02-23,C114,Keyboard,West,22504
1567,2024-06-03,C105,Laptop,North,4912
1568,2024-03-21,C109,Keyboard,East,47834
1569,2024-03-26,C121,Mouse,West,19416
1570,2024-04-10,C149,Tablet,North,12830
1571,2024-04-17,C112,Mouse,East,73803
1572,2024-02-17,C140,Keyboard,East,57464
1573,2024-03-08,C114,Headphones,North,52846
1574,2024-03-19,C107,Laptop,East,31375
1575,2024-02-20,C111,Headphones,South,18518
1576,2024-03-09,C121,Laptop,East,12203
1577,2024-03-18,C127,Keyboard,South,71650
1578,2024-06-16,C143,Keyboard,East,48448
1579,2024-04-06,C142,Laptop,East,36304
1580,2024-01-02,C128,Mouse,East,15736
1581,2024-06-13,C124,Monitor,North,45735
1582,2024-05-23,C143,Laptop,East,9287
1583,2024-06-01,C113,Monitor,North,21024
1584,2024-03-25,C103,Mouse,North,916
1585,2024-06-27,C111,Tablet,South,53489
1586,2024-06-16,C111,Tablet,West,78307
1587,2024-06-20,C122,Headphones,South,78477
1588,2024-01-20,C138,Monitor,North,53407
1589,2024-02-03,C108,Tablet,North,14241
1590,2024-06-24,C139,Tablet,East,58874
1591,2024-06-25,C111,Tablet,North,22506
1592,2024-05-18,C125,Headphones,South,5212
1593,2024-01-28,C139,Keyboard,South,15424
1594,2024-06-07,C131,Mouse,South,44960
1595,2024-04-22,C145,Laptop,East,35724
1596,2024-05-13,C116,Mouse,West,52213
1597,2024-06-08,C111,Headphones,South,17173
1598,2024-03-01,C126,Headphones,West,76725
1599,2024-05-23,C131,Headphones,North,26138
1600,2024-02-25,C128,Monitor,North,26300
1601,2024-05-23,C141,Keyboard,North,56512
1602,2024-05-02,C104,Keyboard,West,41007
1603,2024-06-29,C145,Tablet,North,4752
1604,2024-03-19,C108,Headphones,East,30009
1605,2024-06-01,C124,Laptop,East,79509
1606,2024-05-08,C121,Headphones,North,52592
1607,2024-06-07,C149,Monitor,South,46633
1608,2024-04-23,C115,Keyboard,South,56760
1609,2024-04-18,C113,Monitor,West,27902
1610,2024-03-04,C102,Tablet,North,50172
1611,2024-03-28,C149,Monitor,North,79605
1612,2024-05-31,C109,Laptop,North,79827
1613,2024-01-29,C129,Keyboard,North,78134
1614,2024-03-23,C102,Laptop,East,23165
1615,2024-05-19,C104,Keyboard,South,50619
1616,2024-05-18,C110,Tablet,East,1308
1617,2024-03-24,C115,Tablet,East,13848
1618,2024-01-24,C111,Tablet,North,40729
1619,2024-05-07,C145,Mouse,West,14640
1620,2024-04-22,C143,Keyboard,North,63641
1621,2024-02-06,C140,Keyboard,East,6415
1622,2024-01-03,C117,Monitor,East,38462
1623,2024-05-29,C144,Laptop,South,63128
1624,2024-01-26,C105,Mouse,South,40205
1625,2024-02-01,C120,Mouse,East,52793
1626,2024-04-02,C147,Keyboard,South,70983
1627,2024-01-30,C101,Monitor,North,51949
1628,2024-02-03,C110,Monitor,North,76023
1629,2024-01-25,C136,Monitor,West,59707
1630,2024-05-05,C142,Headphones,North,37621
1631,2024-05-04,C109,Laptop,North,21779
1632,2024-05-27,C105,Laptop,West,8246
1633,2024-03-18,C121,Headphones,North,42055
1634,2024-02-09,C118,Mouse,North,4027
1635,2024-01-14,C136,Keyboard,South,23291
1636,2024-06-20,C112,Mouse,West,63924
1637,2024-04-18,C111,Tablet,South,51760
1638,2024-01-08,C106,Headphones,South,28242
1639,2024-06-21,C104,Monitor,West,37022
1640,2024-05-06,C131,Laptop,South,3727
1641,2024-06-04,C140,Tablet,South,2539
1642,2024-06-12,C141,Tablet,East,11717
1643,2024-02-29,C119,Mouse,West,4120
1644,2024-02-23,C143,Monitor,West,50281
1645,2024-06-12,C133,Laptop,West,19067
1646,2024-05-16,C134,Mouse,West,15550
1647,2024-03-16,C117,Tablet,West,44350
1648,2024-05-07,C147,Tablet,West,21120
1649,2024-05-21,C136,Keyboard,West,37526
1650,2024-03-23,C113,Keyboard,West,65269
1651,2024-05-12,C103,Tablet,East,50087
1652,2024-03-13,C109,Keyboard,South,45087
1653,2024-02-19,C102,Mouse,North,25298
1654,2024-04-26,C128,Mouse,South,25325
1655,2024-05-30,C131,Laptop,North,41888
1656,2024-04-01,C137,Mouse,South,73296
1657,2024-05-10,C142,Tablet,South,49410
1658,2024-01-10,C149,Mouse,North,12864
1659,2024-06-04,C117,Laptop,West,45362
1660,2024-05-14,C106,Mouse,East,62409
1661,2024-05-04,C148,Headphones,West,17389
1662,2024-03-22,C119,Keyboard,South,6973
1663,2024-01-25,C137,Keyboard,West,43653
1664,2024-06-22,C117,Keyboard,West,32593
1665,2024-05-03,C146,Headphones,North,50071
1666,2024-04-26,C131,Laptop,North,36341
1667,2024-04-15,C105,Monitor,North,36841
1668,2024-04-29,C148,Laptop,North,34703
1669,2024-02-23,C107,Keyboard,East,19263
1670,2024-04-22,C107,Mouse,North,32122
1671,2024-02-17,C104,Keyboard,East,13968
1672,2024-03-06,C124,Laptop,South,20979
1673,2024-06-09,C139,Tablet,North,64893
1674,2024-02-14,C106,Tablet,North,13780
1675,2024-03-09,C101,Headphones,West,9238
1676,2024-04-08,C140,Laptop,South,56858
1677,2024-02-14,C126,Keyboard,East,58578
1678,2024-03-22,C132,Laptop,North,6759
1679,2024-01-24,C124,Tablet,South,71592
1680,2024-01-21,C122,Laptop,East,6063
1681,2024-05-21,C118,Mouse,East,64028
1682,2024-01-03,C102,Tablet,West,63299
1683,2024-05-18,C148,Keyboard,South,39526
1684,2024-02-13,C138,Keyboard,North,51865
1685,2024-02-18,C101,Monitor,North,73801
1686,2024-05-16,C133,Laptop,West,54125
1687,2024-04-01,C148,Keyboard,North,76631
1688,2024-02-26,C118,Tablet,East,1510
1689,2024-05-25,C145,Keyboard,North,4060
1690,2024-05-02,C123,Tablet,West,19637
1691,2024-06-04,C134,Monitor,North,19189
1692,2024-05-05,C106,Keyboard,West,36924
1693,2024-06-21,C108,Mouse,South,41883
1694,2024-01-08,C146,Monitor,East,28391
1695,2024-02-11,C127,Laptop,South,64106
1696,2024-03-09,C119,Mouse,West,12893
1697,2024-05-12,C122,Mouse,South,39028
1698,2024-01-16,C112,Keyboard,West,36510
1699,2024-04-19,C146,Headphones,East,6633
1700,2024-02-18,C123,Monitor,West,34979
1701,2024-01-11,C110,Laptop,North,11086
1702,2024-03-27,C142,Keyboard,South,52128
1703,2024-01-23,C127,Headphones,South,18321
1704,2024-04-06,C128,Monitor,South,15563
1705,2024-06-15,C112,Tablet,North,28146
1706,2024-04-24,C135,Tablet,South,77873
1707,2024-04-11,C134,Mouse,North,61016
1708,2024-03-24,C111,Tablet,East,9500
1709,2024-05-24,C141,Keyboard,South,50383
1710,2024-03-09,C120,Laptop,West,60479
1711,2024-03-04,C139,Laptop,North,29069
1712,2024-02-11,C126,Mouse,North,27691
1713,2024-03-21,C118,Laptop,East,61641
1714,2024-01-20,C148,Monitor,North,20625
1715,2024-02-23,C123,Laptop,South,54570
1716,2024-03-08,C145,Laptop,North,23891
1717,2024-02-08,C114,Laptop,North,25144
1718,2024-04-11,C146,Keyboard,East,9724
1719,2024-01-15,C113,Headphones,West,37135
1720,2024-06-05,C115,Monitor,South,46968
1721,2024-01-24,C117,Tablet,West,41498
1722,2024-02-05,C100,Tablet,North,52230
1723,2024-02-04,C123,Headphones,East,43410
1724,2024-02-26,C133,Laptop,East,2245
1725,2024-01-31,C101,Keyboard,North,4222
1726,2024-01-31,C146,Keyboard,North,3192
1727,2024-03-05,C142,Monitor,South,76949
1728,2024-05-05,C106,Tablet,East,22236
1729,2024-01-14,C100,Keyboard,West,37514
1730,2024-06-15,C147,Mouse,East,40508
1731,2024-05-06,C147,Laptop,South,1692
1732,2024-03-20,C126,Tablet,South,17185
1733,2024-01-11,C140,Mouse,East,69024
1734,2024-05-10,C146,Monitor,South,44527
1735,2024-04-17,C147,Laptop,East,11937
1736,2024-01-07,C115,Laptop,East,27513
1737,2024-04-19,C124,Mouse,East,5064
1738,2024-05-13,C147,Mouse,South,41360
1739,2024-04-13,C116,Mouse,East,13095
1740,2024-06-06,C111,Laptop,North,55909
1741,2024-03-07,C114,Keyboard,East,56688
1742,2024-06-26,C135,Mouse,West,8333
1743,2024-01-02,C118,Mouse,South,44043
1744,2024-06-28,C144,Laptop,South,2607
1745,2024-03-04,C104,Laptop,South,9864
1746,2024-05-09,C104,Monitor,South,43751
1747,2024-01-27,C147,Keyboard,South,64238
1748,2024-02-16,C123,Headphones,East,15493
1749,2024-06-12,C100,Tablet,East,4573
1750,2024-02-10,C103,Keyboard,South,41139
1751,2024-03-04,C129,Tablet,West,40700
1752,2024-01-13,C123,Keyboard,West,4641
1753,2024-03-14,C107,Keyboard,North,43045
1754,2024-04-21,C114,Keyboard,North,61104
1755,2024-06-16,C149,Laptop,South,1856
1756,2024-02-06,C104,Keyboard,East,75012
1757,2024-02-14,C115,Laptop,North,45431
1758,2024-04-24,C129,Monitor,North,23596
1759,2024-01-24,C106,Keyboard,South,38280
1760,2024-03-17,C109,Mouse,East,23192
1761,2024-03-23,C133,Tablet,West,33419
1762,2024-05-18,C135,Headphones,North,34832
1763,2024-02-22,C133,Tablet,West,66317
1764,2024-03-20,C134,Monitor,South,47191
1765,2024-03-23,C124,Headphones,North,14074
1766,2024-06-20,C110,Tablet,East,12142
1767,2024-04-08,C110,Tablet,South,49205
1768,2024-01-24,C125,Headphones,East,16463
1769,2024-01-31,C123,Monitor,North,52063
1770,2024-04-23,C132,Monitor,West,75624
1771,2024-01-25,C142,Mouse,East,47192
1772,2024-04-01,C101,Monitor,South,19014
1773,2024-04-28,C108,Laptop,North,42984
1774,2024-06-18,C121,Mouse,East,23638
1775,2024-02-23,C123,Monitor,West,20511
1776,2024-05-23,C146,Mouse,North,44293
1777,2024-05-25,C137,Mouse,North,78258
1778,2024-03-17,C125,Keyboard,South,18189
1779,2024-03-27,C119,Keyboard,North,54779
1780,2024-02-20,C137,Headphones,East,40497
1781,2024-02-07,C149,Mouse,West,54069
1782,2024-01-07,C142,Mouse,South,71493
1783,2024-05-28,C116,Laptop,East,28653
1784,2024-06-17,C129,Headphones,East,79415
1785,2024-05-30,C117,Tablet,North,57287
1786,2024-03-14,C149,Laptop,West,74766
1787,2024-01-19,C144,Tablet,North,31288
1788,2024-02-28,C104,Keyboard,East,64097
1789,2024-03-23,C121,Tablet,South,4252
1790,2024-01-30,C124,Laptop,East,47521
1791,2024-01-30,C145,Headphones,West,65652
1792,2024-05-14,C109,Laptop,East,23867
1793,2024-05-21,C124,Mouse,North,33594
1794,2024-04-11,C120,Keyboard,East,8767
1795,2024-02-08,C101,Monitor,South,70639
1796,2024-02-26,C137,Tablet,West,41970
1797,2024-01-05,C117,Headphones,North,39147
1798,2024-02-15,C116,Laptop,North,19243
1799,2024-03-25,C110,Monitor,North,69649
1800,2024-01-03,C114,Tablet,South,26945
1801,2024-06-12,C134,Tablet,South,72017
1802,2024-06-18,C145,Mouse,South,70145
1803,2024-04-29,C127,Monitor,West,69390
1804,2024-03-28,C128,Headphones,North,27373
1805,2024-05-11,C112,Headphones,West,20392
1806,2024-03-24,C114,Monitor,East,79050
1807,2024-02-03,C139,Monitor,North,9589
1808,2024-03-04,C107,Laptop,West,10377
1809,2024-01-01,C124,Mouse,West,36476
1810,2024-03-20,C136,Keyboard,North,66549
1811,2024-01-17,C143,Headphones,North,40385
1812,2024-03-16,C130,Keyboard,South,52668
1813,2024-05-18,C108,Headphones,East,2279
1814,2024-05-24,C132,Keyboard,South,41578
1815,2024-05-11,C111,Tablet,South,56479
1816,2024-01-15,C107,Headphones,West,34596
1817,2024-01-10,C102,Laptop,South,24431
1818,2024-03-03,C139,Keyboard,North,2933
1819,2024-03-14,C100,Mouse,North,33496
1820,2024-06-18,C144,Tablet,South,8395
1821,2024-01-15,C138,Keyboard,North,49053
1822,2024-06-06,C113,Mouse,South,41164
1823,2024-01-29,C143,Keyboard,South,27146
1824,2024-04-08,C146,Headphones,North,55847
1825,2024-01-25,C125,Laptop,South,56586
1826,2024-05-10,C139,Tablet,South,3963
1827,2024-05-24,C133,Headphones,North,23530
1828,2024-04-09,C106,Tablet,North,5352
1829,2024-06-10,C115,Monitor,South,73210
1830,2024-06-15,C103,Keyboard,North,55892
1831,2024-05-07,C131,Keyboard,North,26877
1832,2024-04-03,C113,Monitor,North,24106
1833,2024-01-05,C147,Tablet,East,71748
1834,2024-05-24,C144,Tablet,South,19055
1835,2024-03-31,C100,Laptop,North,975
1836,2024-06-09,C144,Keyboard,East,53521
1837,2024-01-06,C102,Keyboard,East,3904
1838,2024-03-31,C133,Laptop,North,34529
1839,2024-05-16,C109,Keyboard,North,68008
1840,2024-02-14,C149,Keyboard,South,41114
1841,2024-03-13,C143,Headphones,East,33735
1842,2024-01-07,C103,Mouse,East,73047
1843,2024-06-10,C149,Headphones,South,61771
1844,2024-01-11,C113,Monitor,North,29550
1845,2024-05-30,C137,Tablet,West,77862
1846,2024-04-24,C149,Laptop,West,28087
1847,2024-01-03,C140,Headphones,South,58082
1848,2024-04-18,C110,Mouse,East,62785
1849,2024-05-09,C102,Mouse,West,12689
1850,2024-05-23,C129,Monitor,North,29402
1851,2024-06-23,C144,Laptop,West,6956
1852,2024-05-06,C103,Monitor,West,30867
1853,2024-02-23,C133,Tablet,North,46127
1854,2024-06-22,C140,Tablet,South,78687
1855,2024-01-12,C116,Laptop,East,79205
1856,2024-01-27,C112,Laptop,South,25203
1857,2024-01-07,C101,Keyboard,North,68157
1858,2024-06-21,C141,Monitor,North,38157
1859,2024-05-31,C130,Tablet,West,19636
1860,2024-03-15,C105,Tablet,West,48714
1861,2024-02-16,C114,Mouse,North,66425
1862,2024-04-17,C123,Mouse,East,12875
1863,2024-06-09,C112,Mouse,East,53679
1864,2024-06-11,C119,Monitor,South,37716
1865,2024-03-10,C100,Keyboard,West,37051
1866,2024-04-06,C127,Headphones,West,46912
1867,2024-04-15,C134,Headphones,South,1871
1868,2024-06-15,C149,Mouse,West,67159
1869,2024-05-13,C146,Headphones,East,41727
1870,2024-05-11,C149,Mouse,West,45023
1871,2024-03-30,C101,Laptop,South,54529
1872,2024-02-07,C123,Mouse,North,34601
1873,2024-06-11,C143,Tablet,South,63887
1874,2024-06-18,C113,Headphones,North,31594
1875,2024-05-10,C127,Keyboard,North,4782
1876,2024-03-22,C121,Laptop,West,37731
1877,2024-05-29,C131,Laptop,East,22478
1878,2024-05-27,C101,Monitor,North,62933
1879,2024-04-12,C135,Laptop,South,58074
1880,2024-01-12,C149,Keyboard,North,71615
1881,2024-01-16,C133,Laptop,East,39735
1882,2024-02-01,C109,Laptop,East,9493
1883,2024-04-22,C112,Headphones,North,6168
1884,2024-03-10,C100,Headphones,North,4510
1885,2024-02-05,C106,Tablet,North,37227
1886,2024-05-21,C107,Laptop,East,35004
1887,2024-01-10,C129,Tablet,South,76765
1888,2024-01-01,C149,Keyboard,North,70250
1889,2024-06-08,C106,Tablet,West,79132
1890,2024-06-06,C112,Tablet,South,69424
1891,2024-05-04,C138,Keyboard,South,12805
1892,2024-03-21,C113,Headphones,North,22510
1893,2024-02-24,C129,Keyboard,North,30103
1894,2024-04-17,C149,Monitor,West,12312
1895,2024-02-20,C129,Mouse,West,67242
1896,2024-01-18,C117,Monitor,North,30599
1897,2024-06-13,C123,Tablet,West,77116
1898,2024-06-13,C144,Mouse,South,66172
1899,2024-02-21,C106,Mouse,West,28772
1900,2024-04-27,C121,Tablet,North,6630
1901,2024-01-28,C136,Keyboard,North,58136
1902,2024-06-28,C120,Keyboard,North,24909
1903,2024-04-27,C142,Keyboard,West,17325
1904,2024-02-08,C108,Mouse,West,52623
1905,2024-05-03,C101,Tablet,West,63318
1906,2024-03-12,C134,Keyboard,South,7100
1907,2024-01-10,C132,Monitor,South,54903
1908,2024-06-07,C130,Keyboard,East,29606
1909,2024-06-09,C103,Headphones,South,26023
1910,2024-04-13,C105,Monitor,North,45604
1911,2024-01-05,C136,Headphones,North,9699
1912,2024-04-15,C124,Monitor,South,1653
1913,2024-02-27,C140,Mouse,East,64038
1914,2024-06-27,C118,Keyboard,East,13446
1915,2024-06-13,C131,Tablet,North,1561
1916,2024-02-14,C124,Tablet,West,31375
1917,2024-03-10,C138,Headphones,West,20629
1918,2024-06-20,C103,Mouse,West,40396
1919,2024-05-20,C113,Tablet,North,72226
1920,2024-02-03,C118,Tablet,West,684
1921,2024-02-13,C148,Headphones,South,75798
1922,2024-03-05,C135,Tablet,North,26419
1923,2024-04-06,C123,Tablet,North,75421
1924,2024-04-21,C130,Tablet,South,28577
1925,2024-05-19,C124,Mouse,West,57941
1926,2024-03-25,C110,Mouse,South,45087
1927,2024-06-29,C113,Laptop,East,11362
1928,2024-05-12,C120,Mouse,East,37239
1929,2024-01-30,C143,Mouse,East,65695
1930,2024-05-28,C141,Keyboard,North,77470
1931,2024-01-15,C106,Headphones,North,4820
1932,2024-01-01,C115,Tablet,South,27288
1933,2024-04-27,C113,Monitor,West,22379
1934,2024-06-09,C107,Headphones,South,71970
1935,2024-02-16,C129,Keyboard,West,61516
1936,2024-04-02,C145,Laptop,East,23695
1937,2024-04-28,C108,Monitor,North,77131
1938,2024-02-16,C115,Keyboard,East,49548
1939,2024-03-20,C128,Keyboard,South,64634
1940,2024-01-17,C133,Tablet,East,64793
1941,2024-06-04,C100,Mouse,North,55396
1942,2024-06-03,C146,Keyboard,East,13293
1943,2024-05-02,C131,Monitor,North,14595
1944,2024-03-21,C142,Monitor,West,26113
1945,2024-02-01,C122,Tablet,East,44499
1946,2024-03-15,C139,Tablet,North,17673
1947,2024-06-24,C123,Mouse,West,8275
1948,2024-01-29,C133,Headphones,West,19286
1949,2024-05-08,C140,Headphones,North,59434
1950,2024-04-18,C118,Tablet,East,76127
1951,2024-04-26,C123,Headphones,South,72909
1952,2024-05-02,C135,Monitor,East,34973
1953,2024-03-17,C141,Mouse,South,34744
1954,2024-02-06,C111,Mouse,South,41614
1955,2024-02-13,C117,Laptop,West,17455
1956,2024-05-11,C121,Headphones,North,64069
1957,2024-05-26,C140,Laptop,East,37316
1958,2024-04-05,C121,Headphones,West,6904
1959,2024-05-27,C145,Tablet,South,22045
1960,2024-06-05,C119,Monitor,West,3680
1961,2024-01-11,C140,Headphones,North,64893
1962,2024-05-27,C127,Keyboard,East,56406
1963,2024-05-17,C144,Monitor,West,20265
1964,2024-02-14,C114,Tablet,East,32870
1965,2024-06-23,C147,Mouse,East,2022
1966,2024-01-04,C147,Monitor,West,40817
1967,2024-01-28,C128,Tablet,South,29055
1968,2024-01-07,C124,Monitor,East,79638
1969,2024-04-15,C138,Laptop,South,45508
1970,2024-03-26,C143,Mouse,West,6783
1971,2024-05-24,C149,Monitor,West,32082
1972,2024-06-20,C115,Mouse,North,69821
1973,2024-03-03,C117,Keyboard,South,26564
1974,2024-05-18,C113,Keyboard,North,42820
1975,2024-06-22,C120,Headphones,South,79043
1976,2024-05-15,C117,Tablet,West,23745
1977,2024-03-19,C149,Keyboard,West,3143
1978,2024-01-23,C136,Mouse,North,32872
1979,2024-02-24,C113,Tablet,North,74130
1980,2024-06-18,C111,Headphones,East,60100
1981,2024-01-22,C111,Monitor,North,77207
1982,2024-05-03,C100,Headphones,South,33603
1983,2024-01-29,C105,Laptop,West,10700
1984,2024-02-03,C129,Laptop,South,79153
1985,2024-01-21,C112,Headphones,South,19062
1986,2024-04-25,C112,Headphones,South,55714
1987,2024-02-23,C145,Laptop,South,41637
1988,2024-02-29,C128,Tablet,South,65052
1989,2024-04-06,C149,Headphones,East,29163
1990,2024-06-12,C146,Keyboard,East,45725
1991,2024-06-04,C136,Monitor,North,24297
1992,2024-02-08,C129,Laptop,South,54468
1993,2024-05-02,C123,Laptop,North,77926
1994,2024-06-08,C144,Mouse,West,33684
1995,2024-02-03,C139,Tablet,South,42948
1996,2024-05-03,C147,Laptop,North,33267
1997,2024-01-08,C119,Tablet,West,51320
1998,2024-06-17,C134,Keyboard,North,5175
1999,2024-03-26,C145,Keyboard,West,60192
